<?xml version="1.0" encoding="UTF-8"?>
<GenRun Id="impl_1" LaunchPart="xc7a35tcpg236-1" LaunchTime="1550038187">
  <File Type="OPT-DCP" Name="DemoPJ1_wrapper_opt.dcp"/>
  <File Type="RUN-CONSTRS" Name="$PDATADIR/runs/impl_1/constrs_in.xml"/>
  <File Type="RUN-SRCS" Name="$PDATADIR/runs/impl_1/sources.xml"/>
  <File Type="ROUTE-DCP" Name="DemoPJ1_wrapper_routed.dcp"/>
  <File Type="PA-TCL" Name="DemoPJ1_wrapper.tcl"/>
  <File Type="RUN-STRAT" Name="$PDATADIR/runs/impl_1/impl_1.psg"/>
  <File Type="OPT-DRC" Name="DemoPJ1_wrapper_drc_opted.rpt"/>
  <File Type="INIT-TIMING" Name="DemoPJ1_wrapper_timing_summary_init.rpt"/>
  <File Type="OPT-TIMING" Name="DemoPJ1_wrapper_timing_summary_opted.rpt"/>
  <File Type="OPT-HWDEF" Name="DemoPJ1_wrapper.hwdef"/>
  <File Type="PWROPT-DCP" Name="DemoPJ1_wrapper_pwropt.dcp"/>
  <File Type="PWROPT-DRC" Name="DemoPJ1_wrapper_drc_pwropted.rpt"/>
  <File Type="PWROPT-TIMING" Name="DemoPJ1_wrapper_timing_summary_pwropted.rpt"/>
  <File Type="PLACE-DCP" Name="DemoPJ1_wrapper_placed.dcp"/>
  <File Type="PLACE-IO" Name="DemoPJ1_wrapper_io_placed.rpt"/>
  <File Type="PLACE-CLK" Name="DemoPJ1_wrapper_clock_utilization_placed.rpt"/>
  <File Type="PLACE-UTIL" Name="DemoPJ1_wrapper_utilization_placed.rpt"/>
  <File Type="PLACE-UTIL-PB" Name="DemoPJ1_wrapper_utilization_placed.pb"/>
  <File Type="PLACE-CTRL" Name="DemoPJ1_wrapper_control_sets_placed.rpt"/>
  <File Type="PLACE-SIMILARITY" Name="DemoPJ1_wrapper_incremental_reuse_placed.rpt"/>
  <File Type="PLACE-PRE-SIMILARITY" Name="DemoPJ1_wrapper_incremental_reuse_pre_placed.rpt"/>
  <File Type="PLACE-TIMING" Name="DemoPJ1_wrapper_timing_summary_placed.rpt"/>
  <File Type="POSTPLACE-PWROPT-DCP" Name="DemoPJ1_wrapper_postplace_pwropt.dcp"/>
  <File Type="POSTPLACE-PWROPT-TIMING" Name="DemoPJ1_wrapper_timing_summary_postplace_pwropted.rpt"/>
  <File Type="PHYSOPT-DCP" Name="DemoPJ1_wrapper_physopt.dcp"/>
  <File Type="RDI-RDI" Name="DemoPJ1_wrapper.vdi"/>
  <File Type="PHYSOPT-DRC" Name="DemoPJ1_wrapper_drc_physopted.rpt"/>
  <File Type="PHYSOPT-TIMING" Name="DemoPJ1_wrapper_timing_summary_physopted.rpt"/>
  <File Type="ROUTE-DRC" Name="DemoPJ1_wrapper_drc_routed.rpt"/>
  <File Type="ROUTE-DRC-PB" Name="DemoPJ1_wrapper_drc_routed.pb"/>
  <File Type="ROUTE-PWR" Name="DemoPJ1_wrapper_power_routed.rpt"/>
  <File Type="ROUTE-PWR-SUM" Name="DemoPJ1_wrapper_power_summary_routed.pb"/>
  <File Type="ROUTE-STATUS" Name="DemoPJ1_wrapper_route_status.rpt"/>
  <File Type="ROUTE-STATUS-PB" Name="DemoPJ1_wrapper_route_status.pb"/>
  <File Type="ROUTE-TIMINGSUMMARY" Name="DemoPJ1_wrapper_timing_summary_routed.rpt"/>
  <File Type="ROUTE-TIMING-PB" Name="DemoPJ1_wrapper_timing_summary_routed.pb"/>
  <File Type="ROUTE-TIMING-RPX" Name="DemoPJ1_wrapper_timing_summary_routed.rpx"/>
  <File Type="ROUTE-SIMILARITY" Name="DemoPJ1_wrapper_incremental_reuse_routed.rpt"/>
  <File Type="ROUTE-CLK" Name="DemoPJ1_wrapper_clock_utilization_routed.rpt"/>
  <File Type="POSTROUTE-PHYSOPT-DCP" Name="DemoPJ1_wrapper_postroute_physopt.dcp"/>
  <File Type="POSTROUTE-PHYSOPT-TIMING" Name="DemoPJ1_wrapper_timing_summary_postroute_physopted.rpt"/>
  <File Type="POSTROUTE-PHYSOPT-TIMING-PB" Name="DemoPJ1_wrapper_timing_summary_postroute_physopted.pb"/>
  <File Type="POSTROUTE-PHYSOPT-TIMING-RPX" Name="DemoPJ1_wrapper_timing_summary_postroute_physopted.rpx"/>
  <File Type="BG-BIT" Name="DemoPJ1_wrapper.bit"/>
  <File Type="BG-BIN" Name="DemoPJ1_wrapper.bin"/>
  <File Type="BITSTR-MSK" Name="DemoPJ1_wrapper.msk"/>
  <File Type="BITSTR-RBT" Name="DemoPJ1_wrapper.rbt"/>
  <File Type="BITSTR-NKY" Name="DemoPJ1_wrapper.nky"/>
  <File Type="BITSTR-BMM" Name="DemoPJ1_wrapper_bd.bmm"/>
  <File Type="BITSTR-MMI" Name="DemoPJ1_wrapper.mmi"/>
  <File Type="BITSTR-SYSDEF" Name="DemoPJ1_wrapper.sysdef"/>
  <File Type="BG-BGN" Name="DemoPJ1_wrapper.bgn"/>
  <File Type="BG-DRC" Name="DemoPJ1_wrapper.drc"/>
  <File Type="WBT-USG" Name="usage_statistics_webtalk.html"/>
  <FileSet Name="sources" Type="DesignSrcs" RelSrcDir="$PSRCDIR/sources_1">
    <Filter Type="Srcs"/>
    <File Path="$PSRCDIR/sources_1/bd/DemoPJ1/DemoPJ1.bd">
      <FileInfo>
        <Attr Name="UsedIn" Val="synthesis"/>
        <Attr Name="UsedIn" Val="implementation"/>
        <Attr Name="UsedIn" Val="simulation"/>
      </FileInfo>
    </File>
    <File Path="$PSRCDIR/sources_1/bd/DemoPJ1/hdl/DemoPJ1_wrapper.v">
      <FileInfo>
        <Attr Name="UsedIn" Val="synthesis"/>
        <Attr Name="UsedIn" Val="implementation"/>
        <Attr Name="UsedIn" Val="simulation"/>
      </FileInfo>
    </File>
    <Config>
      <Option Name="DesignMode" Val="RTL"/>
      <Option Name="TopModule" Val="DemoPJ1_wrapper"/>
      <Option Name="TopAutoSet" Val="TRUE"/>
    </Config>
  </FileSet>
  <FileSet Name="constrs_in" Type="Constrs" RelSrcDir="$PSRCDIR/constrs_1">
    <Filter Type="Constrs"/>
    <File Path="$PSRCDIR/constrs_1/new/DemoPJ1.xdc">
      <FileInfo>
        <Attr Name="UsedIn" Val="synthesis"/>
        <Attr Name="UsedIn" Val="implementation"/>
      </FileInfo>
    </File>
    <Config>
      <Option Name="TargetConstrsFile" Val="$PSRCDIR/constrs_1/new/DemoPJ1.xdc"/>
      <Option Name="ConstrsType" Val="XDC"/>
    </Config>
  </FileSet>
  <Strategy Version="1" Minor="2">
    <StratHandle Name="Vivado Implementation Defaults" Flow="Vivado Implementation 2015">
      <Desc>Vivado Implementation Defaults</Desc>
    </StratHandle>
    <Step Id="init_design"/>
    <Step Id="opt_design"/>
    <Step Id="power_opt_design"/>
    <Step Id="place_design"/>
    <Step Id="post_place_power_opt_design"/>
    <Step Id="phys_opt_design"/>
    <Step Id="route_design"/>
    <Step Id="post_route_phys_opt_design"/>
    <Step Id="write_bitstream"/>
  </Strategy>
</GenRun>
